student_id,true_level,q1_correct,q1_difficulty,q2_correct,q2_difficulty,q3_correct,q3_difficulty,q4_correct,q4_difficulty,q5_correct,q5_difficulty,q6_correct,q6_difficulty,q7_correct,q7_difficulty,score_easy,score_medium,score_hard,total_score,weighted_score
0,2,1,1,1,1,1,2,1,2,1,2,0,3,1,3,2,3,1,6,11
1,3,1,1,1,1,1,2,1,2,1,2,1,3,1,3,2,3,2,7,14
2,2,1,1,1,1,0,2,1,2,1,2,0,3,0,3,2,2,0,4,6
3,2,1,1,1,1,1,2,1,2,1,2,0,3,0,3,2,3,0,5,8
4,1,0,1,0,1,0,2,0,2,1,2,0,3,0,3,0,1,0,1,2
5,2,1,1,1,1,1,2,0,2,1,2,0,3,0,3,2,2,0,4,6
6,1,0,1,0,1,0,2,0,2,0,2,0,3,0,3,0,0,0,0,0
7,1,1,1,0,1,0,2,0,2,0,2,0,3,0,3,1,0,0,1,1
8,1,1,1,0,1,0,2,0,2,0,2,0,3,0,3,1,0,0,1,1
9,2,1,1,1,1,1,2,1,2,1,2,0,3,0,3,2,3,0,5,8
10,3,1,1,1,1,1,2,1,2,1,2,1,3,1,3,2,3,2,7,14
11,1,0,1,1,1,1,2,0,2,0,2,0,3,0,3,1,1,0,2,3
12,1,1,1,1,1,0,2,0,2,0,2,0,3,0,3,2,0,0,2,2
13,1,1,1,0,1,0,2,0,2,0,2,0,3,0,3,1,0,0,1,1
14,2,1,1,1,1,1,2,0,2,1,2,0,3,0,3,2,2,0,4,6
15,2,1,1,1,1,0,2,0,2,0,2,0,3,1,3,2,0,1,3,5
16,3,1,1,1,1,0,2,1,2,1,2,1,3,1,3,2,2,2,6,12
17,3,1,1,1,1,1,2,1,2,0,2,1,3,1,3,2,2,2,6,12
18,2,1,1,1,1,0,2,0,2,1,2,0,3,0,3,2,1,0,3,4
19,2,1,1,1,1,1,2,0,2,1,2,1,3,0,3,2,2,1,5,9
20,1,0,1,0,1,0,2,0,2,0,2,0,3,0,3,0,0,0,0,0
21,2,0,1,1,1,0,2,1,2,0,2,0,3,0,3,1,1,0,2,3
22,2,1,1,1,1,1,2,1,2,1,2,0,3,1,3,2,3,1,6,11
23,1,0,1,1,1,0,2,1,2,0,2,0,3,0,3,1,1,0,2,3
24,2,1,1,1,1,1,2,0,2,0,2,0,3,0,3,2,1,0,3,4
25,1,1,1,0,1,0,2,1,2,0,2,0,3,0,3,1,1,0,2,3
26,1,0,1,1,1,0,2,1,2,0,2,0,3,0,3,1,1,0,2,3
27,2,1,1,1,1,1,2,1,2,1,2,1,3,0,3,2,3,1,6,11
28,3,1,1,1,1,1,2,1,2,1,2,0,3,1,3,2,3,1,6,11
29,2,1,1,0,1,0,2,0,2,0,2,0,3,0,3,1,0,0,1,1
30,2,1,1,0,1,0,2,1,2,1,2,1,3,1,3,1,2,2,5,11
31,1,0,1,1,1,0,2,0,2,0,2,0,3,0,3,1,0,0,1,1
32,1,0,1,0,1,0,2,0,2,0,2,0,3,0,3,0,0,0,0,0
33,2,1,1,1,1,1,2,1,2,1,2,1,3,1,3,2,3,2,7,14
34,3,1,1,1,1,1,2,1,2,1,2,1,3,0,3,2,3,1,6,11
35,3,1,1,0,1,1,2,1,2,1,2,0,3,0,3,1,3,0,4,7
36,2,1,1,1,1,0,2,1,2,1,2,0,3,0,3,2,2,0,4,6
37,2,1,1,1,1,1,2,0,2,1,2,0,3,0,3,2,2,0,4,6
38,1,0,1,0,1,0,2,0,2,0,2,0,3,0,3,0,0,0,0,0
39,2,0,1,1,1,0,2,1,2,0,2,0,3,0,3,1,1,0,2,3
40,2,0,1,1,1,1,2,0,2,0,2,0,3,0,3,1,1,0,2,3
41,1,1,1,1,1,0,2,0,2,1,2,0,3,0,3,2,1,0,3,4
42,2,1,1,1,1,0,2,0,2,1,2,1,3,0,3,2,1,1,4,7
43,3,1,1,1,1,1,2,1,2,1,2,1,3,1,3,2,3,2,7,14
44,3,1,1,1,1,1,2,1,2,1,2,1,3,1,3,2,3,2,7,14
45,1,1,1,1,1,0,2,0,2,0,2,0,3,0,3,2,0,0,2,2
46,2,1,1,1,1,0,2,1,2,1,2,1,3,0,3,2,2,1,5,9
47,2,1,1,1,1,0,2,1,2,0,2,0,3,0,3,2,1,0,3,4
48,2,1,1,1,1,1,2,0,2,1,2,0,3,0,3,2,2,0,4,6
49,2,1,1,1,1,0,2,0,2,0,2,0,3,0,3,2,0,0,2,2
50,2,1,1,1,1,1,2,0,2,0,2,1,3,0,3,2,1,1,4,7
51,2,1,1,1,1,0,2,1,2,1,2,0,3,0,3,2,2,0,4,6
52,2,1,1,1,1,0,2,0,2,0,2,1,3,0,3,2,0,1,3,5
53,2,1,1,1,1,1,2,0,2,1,2,0,3,0,3,2,2,0,4,6
54,2,1,1,1,1,0,2,1,2,1,2,0,3,0,3,2,2,0,4,6
55,1,1,1,1,1,0,2,0,2,1,2,0,3,0,3,2,1,0,3,4
56,3,1,1,1,1,0,2,1,2,0,2,1,3,0,3,2,1,1,4,7
57,3,1,1,1,1,1,2,1,2,1,2,1,3,1,3,2,3,2,7,14
58,2,1,1,1,1,1,2,0,2,0,2,0,3,0,3,2,1,0,3,4
59,1,1,1,1,1,0,2,0,2,0,2,0,3,0,3,2,0,0,2,2
60,3,1,1,1,1,1,2,1,2,1,2,0,3,0,3,2,3,0,5,8
61,1,1,1,0,1,0,2,0,2,0,2,0,3,0,3,1,0,0,1,1
62,2,1,1,1,1,0,2,1,2,1,2,0,3,0,3,2,2,0,4,6
63,1,0,1,0,1,0,2,0,2,0,2,0,3,0,3,0,0,0,0,0
64,2,1,1,1,1,1,2,0,2,1,2,0,3,0,3,2,2,0,4,6
65,3,1,1,1,1,1,2,1,2,1,2,1,3,0,3,2,3,1,6,11
66,3,1,1,1,1,0,2,1,2,1,2,0,3,0,3,2,2,0,4,6
67,2,0,1,1,1,1,2,1,2,1,2,0,3,0,3,1,3,0,4,7
68,2,1,1,1,1,0,2,1,2,1,2,0,3,0,3,2,2,0,4,6
69,2,1,1,1,1,1,2,1,2,1,2,0,3,0,3,2,3,0,5,8
70,1,0,1,0,1,0,2,0,2,0,2,0,3,0,3,0,0,0,0,0
71,2,1,1,1,1,0,2,1,2,0,2,0,3,0,3,2,1,0,3,4
72,2,1,1,0,1,1,2,1,2,0,2,0,3,1,3,1,2,1,4,8
73,1,1,1,0,1,1,2,1,2,0,2,0,3,0,3,1,2,0,3,5
74,1,0,1,1,1,0,2,0,2,0,2,0,3,1,3,1,0,1,2,4
75,1,1,1,0,1,0,2,0,2,0,2,0,3,0,3,1,0,0,1,1
76,1,1,1,0,1,0,2,0,2,0,2,0,3,0,3,1,0,0,1,1
77,3,1,1,1,1,1,2,0,2,1,2,1,3,1,3,2,2,2,6,12
78,1,0,1,0,1,0,2,0,2,1,2,0,3,0,3,0,1,0,1,2
79,3,1,1,1,1,1,2,1,2,1,2,1,3,0,3,2,3,1,6,11
80,1,1,1,1,1,0,2,0,2,0,2,0,3,0,3,2,0,0,2,2
81,3,1,1,1,1,1,2,1,2,1,2,0,3,1,3,2,3,1,6,11
82,1,1,1,1,1,1,2,1,2,0,2,1,3,0,3,2,2,1,5,9
83,2,1,1,1,1,0,2,0,2,0,2,0,3,0,3,2,0,0,2,2
84,2,0,1,0,1,1,2,0,2,0,2,0,3,0,3,0,1,0,1,2
85,3,1,1,1,1,1,2,1,2,1,2,1,3,0,3,2,3,1,6,11
86,1,0,1,0,1,0,2,0,2,0,2,0,3,0,3,0,0,0,0,0
87,2,1,1,1,1,1,2,0,2,0,2,0,3,0,3,2,1,0,3,4
88,3,1,1,0,1,1,2,1,2,1,2,0,3,1,3,1,3,1,5,10
89,1,1,1,1,1,0,2,0,2,0,2,0,3,0,3,2,0,0,2,2
90,3,1,1,1,1,1,2,1,2,0,2,1,3,0,3,2,2,1,5,9
91,2,1,1,1,1,1,2,0,2,0,2,0,3,0,3,2,1,0,3,4
92,2,1,1,1,1,0,2,0,2,0,2,1,3,0,3,2,0,1,3,5
93,1,1,1,1,1,0,2,0,2,0,2,0,3,1,3,2,0,1,3,5
94,2,1,1,1,1,0,2,1,2,1,2,0,3,0,3,2,2,0,4,6
95,2,1,1,1,1,1,2,1,2,1,2,0,3,0,3,2,3,0,5,8
96,3,1,1,1,1,1,2,1,2,1,2,1,3,0,3,2,3,1,6,11
97,1,1,1,1,1,0,2,0,2,1,2,0,3,1,3,2,1,1,4,7
98,3,1,1,1,1,1,2,1,2,1,2,1,3,0,3,2,3,1,6,11
99,3,1,1,1,1,1,2,0,2,1,2,1,3,0,3,2,2,1,5,9
100,2,1,1,1,1,1,2,1,2,1,2,0,3,1,3,2,3,1,6,11
101,3,1,1,1,1,1,2,1,2,0,2,1,3,0,3,2,2,1,5,9
102,3,0,1,1,1,0,2,1,2,1,2,1,3,0,3,1,2,1,4,8
103,2,1,1,1,1,0,2,0,2,0,2,0,3,0,3,2,0,0,2,2
104,1,1,1,1,1,0,2,0,2,0,2,0,3,0,3,2,0,0,2,2
105,2,1,1,1,1,1,2,1,2,0,2,0,3,0,3,2,2,0,4,6
106,3,1,1,1,1,1,2,1,2,1,2,1,3,1,3,2,3,2,7,14
107,3,1,1,1,1,1,2,1,2,1,2,0,3,0,3,2,3,0,5,8
108,1,0,1,0,1,0,2,0,2,0,2,0,3,0,3,0,0,0,0,0
109,3,1,1,1,1,1,2,1,2,1,2,0,3,0,3,2,3,0,5,8
110,2,1,1,1,1,1,2,1,2,1,2,1,3,0,3,2,3,1,6,11
111,2,1,1,1,1,1,2,0,2,1,2,0,3,0,3,2,2,0,4,6
112,3,1,1,1,1,1,2,1,2,1,2,0,3,0,3,2,3,0,5,8
113,3,1,1,1,1,1,2,1,2,1,2,0,3,1,3,2,3,1,6,11
114,1,1,1,0,1,0,2,0,2,0,2,0,3,0,3,1,0,0,1,1
115,2,1,1,1,1,1,2,1,2,0,2,0,3,0,3,2,2,0,4,6
116,2,1,1,1,1,1,2,1,2,1,2,0,3,0,3,2,3,0,5,8
117,2,1,1,0,1,1,2,1,2,1,2,0,3,0,3,1,3,0,4,7
118,1,1,1,0,1,0,2,1,2,0,2,0,3,0,3,1,1,0,2,3
119,2,1,1,1,1,0,2,1,2,0,2,0,3,1,3,2,1,1,4,7
120,2,1,1,0,1,1,2,1,2,1,2,0,3,0,3,1,3,0,4,7
121,3,1,1,1,1,1,2,1,2,1,2,0,3,0,3,2,3,0,5,8
122,1,1,1,1,1,1,2,0,2,0,2,0,3,0,3,2,1,0,3,4
123,3,1,1,1,1,1,2,1,2,1,2,1,3,0,3,2,3,1,6,11
124,2,1,1,1,1,1,2,0,2,0,2,0,3,0,3,2,1,0,3,4
125,3,1,1,1,1,1,2,1,2,1,2,0,3,0,3,2,3,0,5,8
126,3,1,1,1,1,1,2,1,2,1,2,1,3,1,3,2,3,2,7,14
127,1,0,1,1,1,0,2,0,2,0,2,0,3,0,3,1,0,0,1,1
128,1,0,1,1,1,0,2,0,2,1,2,0,3,0,3,1,1,0,2,3
129,2,1,1,1,1,0,2,1,2,1,2,0,3,0,3,2,2,0,4,6
130,2,1,1,1,1,1,2,0,2,1,2,0,3,0,3,2,2,0,4,6
131,3,1,1,1,1,1,2,1,2,1,2,0,3,1,3,2,3,1,6,11
132,1,1,1,0,1,0,2,0,2,0,2,0,3,0,3,1,0,0,1,1
133,2,1,1,1,1,1,2,0,2,1,2,0,3,0,3,2,2,0,4,6
134,1,0,1,1,1,0,2,0,2,0,2,0,3,0,3,1,0,0,1,1
135,3,1,1,1,1,1,2,1,2,1,2,1,3,0,3,2,3,1,6,11
136,2,1,1,1,1,0,2,0,2,0,2,0,3,0,3,2,0,0,2,2
137,2,1,1,1,1,1,2,1,2,1,2,0,3,1,3,2,3,1,6,11
138,3,1,1,1,1,1,2,1,2,1,2,0,3,1,3,2,3,1,6,11
139,2,1,1,1,1,0,2,0,2,1,2,1,3,0,3,2,1,1,4,7
140,1,0,1,1,1,0,2,0,2,0,2,0,3,0,3,1,0,0,1,1
141,1,1,1,1,1,0,2,0,2,0,2,0,3,0,3,2,0,0,2,2
142,2,1,1,1,1,0,2,1,2,1,2,0,3,0,3,2,2,0,4,6
143,1,1,1,1,1,0,2,0,2,1,2,0,3,0,3,2,1,0,3,4
144,2,1,1,1,1,1,2,1,2,0,2,0,3,0,3,2,2,0,4,6
145,2,1,1,1,1,1,2,1,2,1,2,0,3,0,3,2,3,0,5,8
146,2,1,1,0,1,1,2,1,2,0,2,0,3,0,3,1,2,0,3,5
147,1,0,1,0,1,0,2,0,2,0,2,0,3,0,3,0,0,0,0,0
148,2,1,1,1,1,0,2,1,2,0,2,0,3,0,3,2,1,0,3,4
149,2,1,1,0,1,1,2,1,2,1,2,0,3,0,3,1,3,0,4,7
150,3,1,1,1,1,1,2,1,2,1,2,1,3,1,3,2,3,2,7,14
151,1,0,1,0,1,0,2,0,2,0,2,0,3,1,3,0,0,1,1,3
152,1,0,1,1,1,0,2,0,2,0,2,0,3,0,3,1,0,0,1,1
153,2,1,1,1,1,0,2,1,2,1,2,0,3,0,3,2,2,0,4,6
154,2,1,1,1,1,1,2,0,2,0,2,0,3,0,3,2,1,0,3,4
155,3,0,1,1,1,1,2,1,2,1,2,0,3,0,3,1,3,0,4,7
156,1,0,1,0,1,0,2,0,2,0,2,0,3,0,3,0,0,0,0,0
157,3,1,1,1,1,1,2,1,2,1,2,1,3,0,3,2,3,1,6,11
158,3,1,1,1,1,1,2,1,2,1,2,1,3,0,3,2,3,1,6,11
159,2,1,1,1,1,1,2,0,2,0,2,0,3,0,3,2,1,0,3,4
160,2,1,1,1,1,1,2,0,2,1,2,0,3,1,3,2,2,1,5,9
161,2,1,1,1,1,1,2,0,2,1,2,0,3,0,3,2,2,0,4,6
162,3,1,1,1,1,1,2,1,2,1,2,0,3,0,3,2,3,0,5,8
163,3,1,1,1,1,1,2,1,2,1,2,0,3,1,3,2,3,1,6,11
164,2,1,1,1,1,0,2,1,2,1,2,0,3,0,3,2,2,0,4,6
165,1,0,1,1,1,0,2,0,2,0,2,1,3,0,3,1,0,1,2,4
166,1,1,1,1,1,1,2,1,2,0,2,0,3,0,3,2,2,0,4,6
167,3,1,1,1,1,1,2,1,2,0,2,1,3,0,3,2,2,1,5,9
168,2,1,1,0,1,1,2,0,2,0,2,0,3,0,3,1,1,0,2,3
169,3,1,1,1,1,1,2,1,2,1,2,1,3,1,3,2,3,2,7,14
170,1,1,1,1,1,0,2,0,2,0,2,0,3,0,3,2,0,0,2,2
171,3,1,1,1,1,1,2,1,2,1,2,0,3,1,3,2,3,1,6,11
172,2,1,1,1,1,1,2,0,2,0,2,0,3,0,3,2,1,0,3,4
173,3,1,1,1,1,1,2,1,2,0,2,0,3,1,3,2,2,1,5,9
174,1,0,1,1,1,0,2,0,2,0,2,0,3,0,3,1,0,0,1,1
175,3,1,1,1,1,1,2,1,2,1,2,0,3,1,3,2,3,1,6,11
176,2,1,1,1,1,0,2,1,2,0,2,0,3,0,3,2,1,0,3,4
177,3,1,1,1,1,1,2,1,2,1,2,0,3,0,3,2,3,0,5,8
178,3,1,1,1,1,1,2,1,2,1,2,1,3,1,3,2,3,2,7,14
179,2,1,1,1,1,1,2,1,2,1,2,0,3,0,3,2,3,0,5,8
180,2,0,1,1,1,1,2,0,2,1,2,0,3,1,3,1,2,1,4,8
181,1,1,1,0,1,0,2,0,2,1,2,0,3,0,3,1,1,0,2,3
182,3,1,1,1,1,1,2,1,2,1,2,1,3,1,3,2,3,2,7,14
183,1,1,1,1,1,1,2,0,2,0,2,0,3,0,3,2,1,0,3,4
184,3,1,1,1,1,1,2,1,2,1,2,1,3,0,3,2,3,1,6,11
185,2,1,1,1,1,1,2,1,2,0,2,1,3,0,3,2,2,1,5,9
186,3,1,1,1,1,1,2,1,2,1,2,0,3,0,3,2,3,0,5,8
187,1,1,1,0,1,1,2,0,2,1,2,0,3,0,3,1,2,0,3,5
188,3,1,1,1,1,1,2,1,2,1,2,1,3,0,3,2,3,1,6,11
189,1,0,1,0,1,0,2,0,2,1,2,0,3,0,3,0,1,0,1,2
190,2,1,1,1,1,1,2,0,2,1,2,0,3,0,3,2,2,0,4,6
191,1,1,1,1,1,0,2,0,2,1,2,0,3,0,3,2,1,0,3,4
192,1,0,1,1,1,0,2,0,2,0,2,0,3,0,3,1,0,0,1,1
193,2,1,1,1,1,0,2,0,2,1,2,0,3,1,3,2,1,1,4,7
194,1,0,1,0,1,0,2,1,2,0,2,0,3,0,3,0,1,0,1,2
195,2,1,1,0,1,0,2,0,2,1,2,1,3,0,3,1,1,1,3,6
196,1,0,1,1,1,1,2,0,2,0,2,0,3,0,3,1,1,0,2,3
197,1,0,1,0,1,0,2,0,2,0,2,0,3,0,3,0,0,0,0,0
198,3,1,1,1,1,1,2,1,2,1,2,0,3,0,3,2,3,0,5,8
199,2,1,1,1,1,0,2,1,2,0,2,0,3,1,3,2,1,1,4,7
200,2,1,1,1,1,0,2,0,2,1,2,0,3,0,3,2,1,0,3,4
201,1,1,1,1,1,0,2,0,2,1,2,0,3,0,3,2,1,0,3,4
202,1,0,1,0,1,0,2,0,2,0,2,0,3,0,3,0,0,0,0,0
203,2,1,1,1,1,0,2,1,2,0,2,0,3,0,3,2,1,0,3,4
204,2,1,1,0,1,1,2,0,2,1,2,0,3,0,3,1,2,0,3,5
205,2,1,1,1,1,0,2,0,2,1,2,0,3,0,3,2,1,0,3,4
206,2,1,1,1,1,1,2,0,2,0,2,0,3,0,3,2,1,0,3,4
207,3,1,1,1,1,1,2,1,2,0,2,1,3,0,3,2,2,1,5,9
208,3,1,1,1,1,1,2,1,2,1,2,0,3,0,3,2,3,0,5,8
209,1,0,1,1,1,0,2,0,2,0,2,0,3,0,3,1,0,0,1,1
210,1,0,1,0,1,0,2,0,2,0,2,0,3,1,3,0,0,1,1,3
211,1,0,1,0,1,0,2,0,2,0,2,0,3,0,3,0,0,0,0,0
212,2,1,1,1,1,0,2,0,2,1,2,0,3,0,3,2,1,0,3,4
213,1,1,1,1,1,0,2,0,2,0,2,0,3,0,3,2,0,0,2,2
214,3,1,1,1,1,0,2,1,2,1,2,0,3,1,3,2,2,1,5,9
215,3,1,1,1,1,1,2,1,2,1,2,1,3,1,3,2,3,2,7,14
216,2,1,1,1,1,1,2,0,2,1,2,0,3,0,3,2,2,0,4,6
217,1,1,1,0,1,1,2,0,2,0,2,0,3,0,3,1,1,0,2,3
218,2,0,1,0,1,1,2,1,2,0,2,0,3,1,3,0,2,1,3,7
219,1,1,1,1,1,0,2,0,2,0,2,0,3,0,3,2,0,0,2,2
220,3,1,1,1,1,0,2,1,2,1,2,1,3,1,3,2,2,2,6,12
221,2,1,1,1,1,1,2,0,2,0,2,0,3,0,3,2,1,0,3,4
222,3,1,1,1,1,1,2,1,2,1,2,0,3,1,3,2,3,1,6,11
223,1,1,1,0,1,1,2,0,2,0,2,0,3,0,3,1,1,0,2,3
224,2,1,1,1,1,0,2,1,2,1,2,0,3,0,3,2,2,0,4,6
225,1,1,1,1,1,0,2,0,2,0,2,0,3,0,3,2,0,0,2,2
226,3,1,1,1,1,1,2,1,2,1,2,0,3,1,3,2,3,1,6,11
227,1,1,1,1,1,0,2,0,2,1,2,0,3,0,3,2,1,0,3,4
228,3,1,1,1,1,1,2,1,2,0,2,0,3,1,3,2,2,1,5,9
229,1,0,1,0,1,0,2,0,2,0,2,0,3,0,3,0,0,0,0,0
230,2,1,1,1,1,0,2,1,2,0,2,0,3,0,3,2,1,0,3,4
231,3,1,1,1,1,1,2,1,2,1,2,0,3,0,3,2,3,0,5,8
232,3,1,1,1,1,1,2,0,2,1,2,1,3,1,3,2,2,2,6,12
233,3,1,1,1,1,0,2,0,2,0,2,0,3,0,3,2,0,0,2,2
234,3,1,1,1,1,1,2,1,2,1,2,1,3,1,3,2,3,2,7,14
235,1,0,1,1,1,0,2,0,2,0,2,0,3,0,3,1,0,0,1,1
236,3,0,1,1,1,1,2,1,2,1,2,0,3,0,3,1,3,0,4,7
237,3,1,1,1,1,1,2,1,2,1,2,0,3,1,3,2,3,1,6,11
238,2,1,1,1,1,1,2,1,2,0,2,0,3,0,3,2,2,0,4,6
239,2,0,1,1,1,0,2,1,2,1,2,0,3,0,3,1,2,0,3,5
240,1,1,1,0,1,0,2,1,2,0,2,0,3,0,3,1,1,0,2,3
241,3,1,1,1,1,1,2,1,2,1,2,0,3,1,3,2,3,1,6,11
242,2,1,1,1,1,1,2,0,2,1,2,0,3,0,3,2,2,0,4,6
243,3,1,1,1,1,1,2,1,2,1,2,1,3,0,3,2,3,1,6,11
244,2,1,1,1,1,0,2,1,2,0,2,0,3,0,3,2,1,0,3,4
245,1,0,1,0,1,0,2,0,2,0,2,0,3,0,3,0,0,0,0,0
246,1,1,1,0,1,0,2,0,2,0,2,0,3,0,3,1,0,0,1,1
247,3,1,1,1,1,1,2,1,2,1,2,1,3,0,3,2,3,1,6,11
248,1,0,1,0,1,0,2,0,2,1,2,0,3,0,3,0,1,0,1,2
249,3,1,1,1,1,1,2,1,2,1,2,0,3,0,3,2,3,0,5,8
250,3,1,1,1,1,1,2,1,2,1,2,1,3,1,3,2,3,2,7,14
251,2,1,1,1,1,1,2,1,2,0,2,0,3,1,3,2,2,1,5,9
252,2,1,1,1,1,0,2,0,2,0,2,0,3,0,3,2,0,0,2,2
253,3,1,1,1,1,1,2,1,2,1,2,1,3,1,3,2,3,2,7,14
254,2,1,1,1,1,0,2,0,2,1,2,1,3,0,3,2,1,1,4,7
255,1,1,1,1,1,0,2,0,2,0,2,0,3,0,3,2,0,0,2,2
256,2,1,1,1,1,0,2,0,2,0,2,0,3,0,3,2,0,0,2,2
257,3,1,1,1,1,0,2,1,2,1,2,1,3,0,3,2,2,1,5,9
258,3,1,1,1,1,1,2,1,2,1,2,0,3,1,3,2,3,1,6,11
259,3,1,1,1,1,1,2,1,2,1,2,1,3,1,3,2,3,2,7,14
260,1,1,1,1,1,0,2,0,2,0,2,0,3,0,3,2,0,0,2,2
261,2,1,1,1,1,0,2,0,2,1,2,0,3,0,3,2,1,0,3,4
262,2,1,1,1,1,0,2,1,2,0,2,0,3,0,3,2,1,0,3,4
263,2,1,1,1,1,1,2,0,2,1,2,0,3,1,3,2,2,1,5,9
264,1,1,1,1,1,1,2,0,2,0,2,0,3,0,3,2,1,0,3,4
265,2,1,1,1,1,1,2,0,2,1,2,0,3,0,3,2,2,0,4,6
266,1,0,1,0,1,0,2,1,2,0,2,0,3,0,3,0,1,0,1,2
267,1,0,1,1,1,0,2,0,2,0,2,0,3,0,3,1,0,0,1,1
268,1,0,1,0,1,0,2,0,2,0,2,0,3,0,3,0,0,0,0,0
269,3,1,1,1,1,1,2,1,2,1,2,0,3,0,3,2,3,0,5,8
270,2,1,1,1,1,1,2,1,2,0,2,0,3,1,3,2,2,1,5,9
271,3,1,1,1,1,1,2,1,2,0,2,1,3,0,3,2,2,1,5,9
272,2,1,1,1,1,1,2,1,2,0,2,0,3,0,3,2,2,0,4,6
273,3,1,1,1,1,1,2,0,2,1,2,1,3,1,3,2,2,2,6,12
274,3,1,1,1,1,0,2,1,2,1,2,1,3,1,3,2,2,2,6,12
275,3,1,1,1,1,1,2,1,2,1,2,1,3,0,3,2,3,1,6,11
276,2,1,1,1,1,1,2,1,2,1,2,0,3,0,3,2,3,0,5,8
277,2,1,1,1,1,0,2,1,2,1,2,0,3,0,3,2,2,0,4,6
278,3,1,1,1,1,1,2,1,2,1,2,0,3,1,3,2,3,1,6,11
279,2,0,1,1,1,1,2,1,2,0,2,0,3,0,3,1,2,0,3,5
280,2,1,1,1,1,0,2,0,2,1,2,0,3,0,3,2,1,0,3,4
281,3,1,1,1,1,1,2,1,2,1,2,1,3,1,3,2,3,2,7,14
282,1,1,1,0,1,0,2,0,2,0,2,0,3,0,3,1,0,0,1,1
283,3,1,1,1,1,1,2,0,2,0,2,0,3,0,3,2,1,0,3,4
284,1,1,1,1,1,0,2,0,2,0,2,0,3,0,3,2,0,0,2,2
285,1,1,1,0,1,1,2,0,2,0,2,0,3,0,3,1,1,0,2,3
286,1,0,1,0,1,0,2,0,2,0,2,0,3,0,3,0,0,0,0,0
287,2,0,1,1,1,0,2,0,2,1,2,0,3,1,3,1,1,1,3,6
288,3,1,1,1,1,1,2,1,2,1,2,1,3,1,3,2,3,2,7,14
289,2,1,1,1,1,0,2,0,2,0,2,0,3,0,3,2,0,0,2,2
290,2,1,1,1,1,0,2,1,2,0,2,0,3,1,3,2,1,1,4,7
291,1,0,1,0,1,0,2,0,2,0,2,0,3,0,3,0,0,0,0,0
292,1,1,1,0,1,1,2,0,2,1,2,0,3,0,3,1,2,0,3,5
293,3,1,1,1,1,1,2,1,2,0,2,1,3,1,3,2,2,2,6,12
294,2,1,1,1,1,1,2,1,2,1,2,0,3,0,3,2,3,0,5,8
295,2,1,1,1,1,0,2,1,2,1,2,0,3,0,3,2,2,0,4,6
296,2,1,1,1,1,1,2,1,2,1,2,0,3,0,3,2,3,0,5,8
297,1,0,1,0,1,0,2,0,2,1,2,0,3,0,3,0,1,0,1,2
298,3,1,1,1,1,1,2,1,2,1,2,0,3,1,3,2,3,1,6,11
299,2,0,1,1,1,0,2,0,2,0,2,0,3,0,3,1,0,0,1,1
300,3,1,1,1,1,1,2,1,2,1,2,0,3,1,3,2,3,1,6,11
301,3,1,1,1,1,1,2,1,2,1,2,0,3,1,3,2,3,1,6,11
302,2,1,1,1,1,0,2,1,2,1,2,0,3,0,3,2,2,0,4,6
303,2,1,1,1,1,1,2,0,2,1,2,0,3,0,3,2,2,0,4,6
304,1,1,1,0,1,0,2,0,2,0,2,0,3,0,3,1,0,0,1,1
305,1,1,1,1,1,0,2,0,2,0,2,0,3,0,3,2,0,0,2,2
306,2,1,1,0,1,0,2,0,2,1,2,1,3,0,3,1,1,1,3,6
307,2,0,1,1,1,1,2,1,2,0,2,0,3,0,3,1,2,0,3,5
308,1,1,1,0,1,0,2,0,2,0,2,0,3,0,3,1,0,0,1,1
309,2,1,1,1,1,0,2,1,2,1,2,0,3,0,3,2,2,0,4,6
310,1,0,1,0,1,0,2,0,2,0,2,0,3,0,3,0,0,0,0,0
311,3,1,1,1,1,1,2,0,2,1,2,1,3,1,3,2,2,2,6,12
312,1,1,1,0,1,0,2,0,2,0,2,0,3,0,3,1,0,0,1,1
313,2,1,1,1,1,0,2,1,2,0,2,0,3,0,3,2,1,0,3,4
314,2,1,1,1,1,1,2,1,2,0,2,1,3,0,3,2,2,1,5,9
315,2,1,1,1,1,0,2,1,2,0,2,0,3,1,3,2,1,1,4,7
316,3,1,1,1,1,1,2,1,2,1,2,0,3,0,3,2,3,0,5,8
317,2,1,1,1,1,1,2,1,2,1,2,0,3,0,3,2,3,0,5,8
318,3,1,1,1,1,1,2,1,2,1,2,0,3,1,3,2,3,1,6,11
319,1,0,1,1,1,0,2,0,2,0,2,0,3,0,3,1,0,0,1,1
320,1,0,1,1,1,0,2,0,2,0,2,0,3,0,3,1,0,0,1,1
321,2,1,1,1,1,0,2,0,2,1,2,0,3,0,3,2,1,0,3,4
322,1,1,1,0,1,0,2,0,2,0,2,0,3,0,3,1,0,0,1,1
323,2,1,1,1,1,0,2,1,2,0,2,0,3,0,3,2,1,0,3,4
324,1,1,1,1,1,1,2,0,2,1,2,0,3,0,3,2,2,0,4,6
325,2,1,1,1,1,1,2,1,2,0,2,0,3,0,3,2,2,0,4,6
326,1,0,1,1,1,0,2,0,2,0,2,0,3,0,3,1,0,0,1,1
327,2,1,1,1,1,1,2,0,2,1,2,0,3,0,3,2,2,0,4,6
328,2,0,1,1,1,1,2,1,2,1,2,0,3,0,3,1,3,0,4,7
329,1,1,1,1,1,0,2,0,2,1,2,0,3,0,3,2,1,0,3,4
330,2,1,1,1,1,1,2,0,2,1,2,0,3,1,3,2,2,1,5,9
331,1,1,1,1,1,0,2,0,2,0,2,0,3,0,3,2,0,0,2,2
332,1,0,1,1,1,0,2,0,2,1,2,0,3,0,3,1,1,0,2,3
333,2,1,1,1,1,0,2,0,2,0,2,0,3,0,3,2,0,0,2,2
334,1,0,1,1,1,0,2,0,2,0,2,0,3,0,3,1,0,0,1,1
335,1,1,1,0,1,1,2,1,2,0,2,0,3,0,3,1,2,0,3,5
336,1,0,1,0,1,0,2,0,2,0,2,0,3,0,3,0,0,0,0,0
337,2,1,1,1,1,0,2,1,2,1,2,0,3,0,3,2,2,0,4,6
338,1,0,1,0,1,0,2,0,2,0,2,0,3,0,3,0,0,0,0,0
339,1,1,1,0,1,0,2,0,2,0,2,0,3,0,3,1,0,0,1,1
340,1,0,1,0,1,0,2,1,2,0,2,0,3,0,3,0,1,0,1,2
341,1,1,1,1,1,1,2,0,2,0,2,0,3,0,3,2,1,0,3,4
342,3,1,1,1,1,1,2,1,2,1,2,1,3,1,3,2,3,2,7,14
343,2,1,1,1,1,0,2,0,2,0,2,0,3,0,3,2,0,0,2,2
344,2,1,1,1,1,1,2,0,2,0,2,0,3,1,3,2,1,1,4,7
345,3,1,1,1,1,0,2,1,2,1,2,1,3,0,3,2,2,1,5,9
346,2,1,1,1,1,1,2,0,2,0,2,0,3,0,3,2,1,0,3,4
347,2,1,1,1,1,1,2,1,2,1,2,0,3,0,3,2,3,0,5,8
348,2,1,1,1,1,1,2,1,2,1,2,0,3,0,3,2,3,0,5,8
349,2,1,1,1,1,0,2,1,2,0,2,1,3,0,3,2,1,1,4,7
350,2,1,1,1,1,0,2,0,2,1,2,0,3,0,3,2,1,0,3,4
351,3,1,1,1,1,1,2,1,2,1,2,1,3,0,3,2,3,1,6,11
352,1,0,1,0,1,0,2,0,2,0,2,0,3,0,3,0,0,0,0,0
353,2,0,1,0,1,0,2,1,2,0,2,0,3,0,3,0,1,0,1,2
354,2,1,1,1,1,1,2,0,2,1,2,1,3,0,3,2,2,1,5,9
355,1,0,1,1,1,0,2,1,2,0,2,0,3,0,3,1,1,0,2,3
356,2,0,1,1,1,1,2,0,2,0,2,0,3,0,3,1,1,0,2,3
357,1,0,1,1,1,1,2,0,2,1,2,0,3,0,3,1,2,0,3,5
358,1,1,1,1,1,0,2,0,2,0,2,0,3,0,3,2,0,0,2,2
359,3,1,1,1,1,1,2,1,2,1,2,0,3,1,3,2,3,1,6,11
360,3,1,1,1,1,0,2,1,2,0,2,1,3,0,3,2,1,1,4,7
361,2,1,1,1,1,0,2,1,2,1,2,0,3,0,3,2,2,0,4,6
362,2,1,1,1,1,0,2,1,2,0,2,0,3,0,3,2,1,0,3,4
363,2,1,1,1,1,1,2,1,2,1,2,0,3,0,3,2,3,0,5,8
364,3,1,1,1,1,1,2,1,2,1,2,1,3,1,3,2,3,2,7,14
365,2,1,1,1,1,1,2,0,2,0,2,0,3,0,3,2,1,0,3,4
366,3,1,1,1,1,1,2,0,2,1,2,1,3,1,3,2,2,2,6,12
367,1,1,1,1,1,0,2,0,2,1,2,0,3,0,3,2,1,0,3,4
368,1,1,1,1,1,0,2,1,2,0,2,0,3,0,3,2,1,0,3,4
369,3,1,1,1,1,1,2,1,2,1,2,0,3,1,3,2,3,1,6,11
370,2,1,1,1,1,0,2,0,2,0,2,0,3,0,3,2,0,0,2,2
371,3,1,1,1,1,1,2,1,2,1,2,0,3,1,3,2,3,1,6,11
372,2,1,1,1,1,0,2,0,2,0,2,1,3,0,3,2,0,1,3,5
373,2,1,1,1,1,1,2,1,2,1,2,0,3,0,3,2,3,0,5,8
374,1,1,1,0,1,0,2,0,2,1,2,0,3,0,3,1,1,0,2,3
375,3,1,1,1,1,0,2,1,2,1,2,1,3,1,3,2,2,2,6,12
376,2,0,1,1,1,1,2,1,2,0,2,0,3,0,3,1,2,0,3,5
377,2,1,1,1,1,0,2,0,2,0,2,0,3,0,3,2,0,0,2,2
378,2,1,1,1,1,0,2,1,2,0,2,1,3,1,3,2,1,2,5,10
379,1,1,1,0,1,0,2,0,2,0,2,0,3,0,3,1,0,0,1,1
380,3,1,1,0,1,1,2,1,2,1,2,1,3,1,3,1,3,2,6,13
381,3,1,1,1,1,1,2,1,2,1,2,1,3,1,3,2,3,2,7,14
382,3,1,1,1,1,1,2,1,2,1,2,1,3,0,3,2,3,1,6,11
383,2,1,1,1,1,0,2,1,2,1,2,0,3,0,3,2,2,0,4,6
384,3,1,1,1,1,0,2,1,2,1,2,1,3,1,3,2,2,2,6,12
385,1,0,1,0,1,0,2,0,2,0,2,0,3,0,3,0,0,0,0,0
386,3,1,1,1,1,1,2,1,2,1,2,1,3,1,3,2,3,2,7,14
387,2,1,1,1,1,0,2,0,2,1,2,0,3,0,3,2,1,0,3,4
388,2,1,1,1,1,0,2,0,2,0,2,0,3,0,3,2,0,0,2,2
389,2,1,1,1,1,0,2,0,2,0,2,0,3,0,3,2,0,0,2,2
390,3,1,1,1,1,1,2,1,2,1,2,0,3,1,3,2,3,1,6,11
391,3,1,1,1,1,1,2,1,2,1,2,1,3,1,3,2,3,2,7,14
392,1,1,1,0,1,0,2,0,2,0,2,0,3,0,3,1,0,0,1,1
393,3,1,1,1,1,1,2,0,2,1,2,0,3,1,3,2,2,1,5,9
394,1,0,1,0,1,0,2,0,2,0,2,0,3,0,3,0,0,0,0,0
395,3,1,1,1,1,1,2,1,2,1,2,0,3,1,3,2,3,1,6,11
396,1,1,1,0,1,0,2,0,2,0,2,0,3,0,3,1,0,0,1,1
397,1,0,1,1,1,0,2,0,2,0,2,0,3,0,3,1,0,0,1,1
398,2,1,1,0,1,1,2,0,2,0,2,0,3,0,3,1,1,0,2,3
399,1,1,1,0,1,0,2,0,2,0,2,0,3,0,3,1,0,0,1,1
400,1,1,1,0,1,0,2,1,2,0,2,0,3,0,3,1,1,0,2,3
401,2,1,1,1,1,1,2,1,2,1,2,0,3,0,3,2,3,0,5,8
402,1,0,1,0,1,0,2,0,2,0,2,0,3,0,3,0,0,0,0,0
403,2,1,1,1,1,1,2,1,2,1,2,1,3,0,3,2,3,1,6,11
404,3,1,1,1,1,1,2,1,2,1,2,0,3,1,3,2,3,1,6,11
405,3,1,1,1,1,1,2,1,2,1,2,0,3,0,3,2,3,0,5,8
406,2,1,1,1,1,1,2,1,2,1,2,0,3,0,3,2,3,0,5,8
407,2,1,1,1,1,1,2,1,2,1,2,0,3,0,3,2,3,0,5,8
408,1,0,1,1,1,1,2,0,2,0,2,0,3,0,3,1,1,0,2,3
409,1,1,1,1,1,0,2,0,2,0,2,0,3,0,3,2,0,0,2,2
410,1,0,1,1,1,0,2,1,2,1,2,0,3,0,3,1,2,0,3,5
411,2,1,1,1,1,1,2,0,2,1,2,0,3,0,3,2,2,0,4,6
412,1,0,1,1,1,0,2,0,2,0,2,0,3,0,3,1,0,0,1,1
413,2,1,1,1,1,1,2,1,2,0,2,0,3,0,3,2,2,0,4,6
414,2,1,1,1,1,1,2,1,2,0,2,0,3,0,3,2,2,0,4,6
415,2,1,1,1,1,0,2,0,2,1,2,1,3,1,3,2,1,2,5,10
416,2,1,1,1,1,0,2,0,2,0,2,0,3,0,3,2,0,0,2,2
417,2,1,1,1,1,1,2,1,2,0,2,0,3,0,3,2,2,0,4,6
418,3,1,1,1,1,1,2,1,2,1,2,1,3,1,3,2,3,2,7,14
419,1,1,1,1,1,0,2,0,2,1,2,0,3,0,3,2,1,0,3,4
420,1,0,1,1,1,0,2,0,2,0,2,0,3,0,3,1,0,0,1,1
421,3,1,1,1,1,1,2,1,2,1,2,1,3,0,3,2,3,1,6,11
422,1,0,1,1,1,1,2,0,2,0,2,0,3,0,3,1,1,0,2,3
423,3,1,1,1,1,1,2,1,2,0,2,0,3,0,3,2,2,0,4,6
424,1,1,1,0,1,1,2,0,2,0,2,0,3,0,3,1,1,0,2,3
425,2,1,1,1,1,0,2,1,2,1,2,0,3,0,3,2,2,0,4,6
426,3,1,1,0,1,1,2,1,2,1,2,1,3,0,3,1,3,1,5,10
427,3,1,1,1,1,1,2,1,2,1,2,0,3,1,3,2,3,1,6,11
428,1,0,1,0,1,0,2,0,2,0,2,1,3,0,3,0,0,1,1,3
429,3,1,1,1,1,1,2,1,2,1,2,1,3,0,3,2,3,1,6,11
430,2,1,1,1,1,1,2,0,2,1,2,0,3,0,3,2,2,0,4,6
431,1,0,1,1,1,0,2,1,2,1,2,0,3,0,3,1,2,0,3,5
432,3,1,1,1,1,0,2,1,2,0,2,0,3,1,3,2,1,1,4,7
433,3,1,1,0,1,1,2,1,2,1,2,1,3,1,3,1,3,2,6,13
434,1,1,1,1,1,0,2,0,2,0,2,0,3,0,3,2,0,0,2,2
435,2,1,1,1,1,0,2,1,2,1,2,0,3,0,3,2,2,0,4,6
436,1,0,1,0,1,0,2,0,2,0,2,0,3,1,3,0,0,1,1,3
437,2,1,1,0,1,0,2,0,2,0,2,0,3,0,3,1,0,0,1,1
438,2,1,1,1,1,0,2,0,2,1,2,0,3,1,3,2,1,1,4,7
439,3,1,1,1,1,1,2,1,2,1,2,0,3,1,3,2,3,1,6,11
440,1,1,1,1,1,0,2,0,2,0,2,0,3,0,3,2,0,0,2,2
441,1,1,1,0,1,0,2,0,2,0,2,0,3,0,3,1,0,0,1,1
442,3,1,1,0,1,1,2,1,2,0,2,0,3,1,3,1,2,1,4,8
443,3,1,1,1,1,1,2,1,2,1,2,1,3,1,3,2,3,2,7,14
444,3,1,1,1,1,1,2,1,2,1,2,0,3,1,3,2,3,1,6,11
445,3,1,1,1,1,1,2,1,2,0,2,0,3,1,3,2,2,1,5,9
446,2,1,1,1,1,0,2,1,2,1,2,0,3,0,3,2,2,0,4,6
447,2,1,1,1,1,0,2,1,2,0,2,0,3,1,3,2,1,1,4,7
448,3,1,1,1,1,1,2,1,2,1,2,0,3,1,3,2,3,1,6,11
449,1,0,1,0,1,0,2,0,2,0,2,0,3,0,3,0,0,0,0,0
450,2,0,1,1,1,1,2,0,2,0,2,0,3,0,3,1,1,0,2,3
451,2,1,1,1,1,1,2,1,2,1,2,0,3,0,3,2,3,0,5,8
452,2,1,1,1,1,1,2,1,2,0,2,0,3,0,3,2,2,0,4,6
453,1,1,1,0,1,0,2,0,2,0,2,0,3,0,3,1,0,0,1,1
454,1,1,1,0,1,0,2,0,2,0,2,1,3,0,3,1,0,1,2,4
455,1,1,1,1,1,0,2,0,2,0,2,0,3,0,3,2,0,0,2,2
456,3,1,1,1,1,1,2,1,2,1,2,0,3,1,3,2,3,1,6,11
457,3,1,1,1,1,1,2,1,2,1,2,1,3,1,3,2,3,2,7,14
458,2,1,1,1,1,0,2,0,2,1,2,1,3,0,3,2,1,1,4,7
459,1,1,1,1,1,0,2,0,2,0,2,0,3,0,3,2,0,0,2,2
460,3,1,1,1,1,1,2,1,2,1,2,0,3,1,3,2,3,1,6,11
461,2,1,1,1,1,1,2,1,2,0,2,0,3,0,3,2,2,0,4,6
462,1,1,1,1,1,1,2,0,2,0,2,0,3,0,3,2,1,0,3,4
463,3,1,1,1,1,1,2,1,2,1,2,1,3,0,3,2,3,1,6,11
464,2,1,1,0,1,0,2,1,2,0,2,0,3,0,3,1,1,0,2,3
465,1,0,1,1,1,1,2,1,2,0,2,0,3,0,3,1,2,0,3,5
466,2,1,1,1,1,0,2,1,2,1,2,0,3,0,3,2,2,0,4,6
467,2,1,1,1,1,0,2,0,2,0,2,0,3,0,3,2,0,0,2,2
468,3,1,1,1,1,1,2,1,2,1,2,0,3,1,3,2,3,1,6,11
469,3,1,1,1,1,1,2,1,2,1,2,1,3,1,3,2,3,2,7,14
470,2,1,1,0,1,0,2,1,2,0,2,0,3,0,3,1,1,0,2,3
471,1,1,1,1,1,0,2,0,2,0,2,0,3,0,3,2,0,0,2,2
472,2,1,1,1,1,0,2,0,2,0,2,0,3,0,3,2,0,0,2,2
473,1,1,1,0,1,0,2,0,2,0,2,0,3,0,3,1,0,0,1,1
474,1,0,1,1,1,0,2,0,2,0,2,0,3,0,3,1,0,0,1,1
475,3,1,1,1,1,1,2,1,2,0,2,1,3,0,3,2,2,1,5,9
476,1,1,1,0,1,0,2,0,2,0,2,0,3,0,3,1,0,0,1,1
477,1,1,1,0,1,0,2,1,2,0,2,0,3,0,3,1,1,0,2,3
478,2,1,1,1,1,1,2,1,2,0,2,0,3,0,3,2,2,0,4,6
479,3,1,1,1,1,1,2,0,2,1,2,1,3,0,3,2,2,1,5,9
480,3,1,1,1,1,1,2,0,2,0,2,1,3,0,3,2,1,1,4,7
481,2,1,1,1,1,1,2,1,2,0,2,0,3,0,3,2,2,0,4,6
482,1,1,1,0,1,0,2,0,2,1,2,0,3,0,3,1,1,0,2,3
483,2,1,1,1,1,0,2,0,2,1,2,0,3,1,3,2,1,1,4,7
484,1,0,1,0,1,0,2,0,2,0,2,0,3,0,3,0,0,0,0,0
485,1,1,1,1,1,0,2,1,2,0,2,0,3,0,3,2,1,0,3,4
486,3,1,1,1,1,1,2,1,2,1,2,0,3,0,3,2,3,0,5,8
487,3,1,1,1,1,1,2,1,2,1,2,0,3,1,3,2,3,1,6,11
488,2,1,1,1,1,1,2,1,2,1,2,0,3,0,3,2,3,0,5,8
489,2,1,1,1,1,0,2,1,2,1,2,0,3,0,3,2,2,0,4,6
490,1,0,1,1,1,0,2,0,2,0,2,0,3,0,3,1,0,0,1,1
491,2,1,1,1,1,0,2,1,2,1,2,0,3,0,3,2,2,0,4,6
492,3,1,1,1,1,1,2,1,2,1,2,1,3,0,3,2,3,1,6,11
493,1,0,1,1,1,0,2,1,2,0,2,0,3,0,3,1,1,0,2,3
494,3,1,1,1,1,1,2,1,2,1,2,0,3,1,3,2,3,1,6,11
495,2,0,1,1,1,0,2,0,2,1,2,0,3,0,3,1,1,0,2,3
496,2,1,1,1,1,0,2,1,2,1,2,0,3,0,3,2,2,0,4,6
497,1,0,1,1,1,0,2,0,2,0,2,0,3,0,3,1,0,0,1,1
498,3,1,1,1,1,1,2,0,2,1,2,1,3,0,3,2,2,1,5,9
499,2,1,1,1,1,0,2,1,2,1,2,0,3,0,3,2,2,0,4,6
500,3,1,1,1,1,1,2,1,2,1,2,1,3,0,3,2,3,1,6,11
501,2,1,1,1,1,1,2,1,2,0,2,0,3,0,3,2,2,0,4,6
502,3,1,1,1,1,0,2,0,2,1,2,1,3,1,3,2,1,2,5,10
503,1,1,1,1,1,0,2,0,2,0,2,0,3,0,3,2,0,0,2,2
504,1,0,1,0,1,1,2,0,2,0,2,0,3,0,3,0,1,0,1,2
505,2,1,1,1,1,0,2,1,2,1,2,0,3,0,3,2,2,0,4,6
506,1,1,1,0,1,0,2,0,2,0,2,0,3,0,3,1,0,0,1,1
507,2,1,1,1,1,1,2,1,2,1,2,0,3,1,3,2,3,1,6,11
508,2,1,1,1,1,0,2,1,2,0,2,0,3,0,3,2,1,0,3,4
509,2,1,1,1,1,1,2,1,2,0,2,0,3,0,3,2,2,0,4,6
510,3,1,1,1,1,1,2,1,2,1,2,1,3,0,3,2,3,1,6,11
511,3,1,1,1,1,1,2,1,2,1,2,1,3,1,3,2,3,2,7,14
512,2,1,1,1,1,0,2,0,2,1,2,0,3,0,3,2,1,0,3,4
513,2,1,1,1,1,0,2,1,2,0,2,0,3,0,3,2,1,0,3,4
514,2,1,1,1,1,0,2,1,2,1,2,1,3,0,3,2,2,1,5,9
515,1,0,1,0,1,0,2,0,2,0,2,0,3,0,3,0,0,0,0,0
516,2,1,1,1,1,1,2,1,2,0,2,1,3,0,3,2,2,1,5,9
517,1,0,1,1,1,0,2,0,2,1,2,0,3,0,3,1,1,0,2,3
518,2,1,1,0,1,1,2,1,2,0,2,0,3,1,3,1,2,1,4,8
519,3,1,1,1,1,0,2,1,2,1,2,0,3,1,3,2,2,1,5,9
520,1,0,1,0,1,0,2,1,2,0,2,0,3,0,3,0,1,0,1,2
521,2,1,1,1,1,1,2,1,2,1,2,0,3,0,3,2,3,0,5,8
522,2,1,1,0,1,0,2,0,2,0,2,1,3,0,3,1,0,1,2,4
523,2,1,1,0,1,0,2,0,2,0,2,0,3,0,3,1,0,0,1,1
524,3,1,1,1,1,1,2,1,2,1,2,0,3,0,3,2,3,0,5,8
525,3,1,1,1,1,1,2,1,2,1,2,0,3,1,3,2,3,1,6,11
526,2,1,1,1,1,0,2,0,2,1,2,0,3,0,3,2,1,0,3,4
527,3,1,1,1,1,1,2,1,2,0,2,1,3,1,3,2,2,2,6,12
528,1,1,1,1,1,0,2,0,2,0,2,0,3,0,3,2,0,0,2,2
529,1,1,1,1,1,0,2,0,2,0,2,1,3,0,3,2,0,1,3,5
530,1,0,1,0,1,0,2,0,2,0,2,0,3,0,3,0,0,0,0,0
531,2,1,1,0,1,0,2,1,2,0,2,0,3,0,3,1,1,0,2,3
532,3,1,1,1,1,1,2,0,2,1,2,0,3,0,3,2,2,0,4,6
533,1,0,1,1,1,0,2,0,2,0,2,0,3,0,3,1,0,0,1,1
534,3,1,1,1,1,0,2,1,2,1,2,0,3,1,3,2,2,1,5,9
535,1,0,1,1,1,0,2,0,2,0,2,0,3,0,3,1,0,0,1,1
536,3,1,1,1,1,1,2,1,2,1,2,0,3,1,3,2,3,1,6,11
537,1,1,1,0,1,0,2,0,2,0,2,0,3,0,3,1,0,0,1,1
538,3,1,1,1,1,1,2,0,2,1,2,0,3,0,3,2,2,0,4,6
539,2,0,1,1,1,1,2,1,2,0,2,0,3,0,3,1,2,0,3,5
540,3,1,1,1,1,1,2,1,2,1,2,1,3,0,3,2,3,1,6,11
541,2,1,1,1,1,0,2,1,2,1,2,1,3,0,3,2,2,1,5,9
542,3,1,1,1,1,1,2,1,2,1,2,1,3,0,3,2,3,1,6,11
543,1,1,1,0,1,0,2,0,2,0,2,0,3,0,3,1,0,0,1,1
544,3,1,1,1,1,1,2,1,2,1,2,1,3,1,3,2,3,2,7,14
545,1,0,1,0,1,0,2,0,2,0,2,0,3,0,3,0,0,0,0,0
546,2,1,1,1,1,1,2,1,2,1,2,0,3,0,3,2,3,0,5,8
547,1,1,1,0,1,0,2,0,2,1,2,0,3,0,3,1,1,0,2,3
548,3,1,1,1,1,0,2,1,2,1,2,0,3,0,3,2,2,0,4,6
549,3,1,1,1,1,1,2,1,2,1,2,0,3,0,3,2,3,0,5,8
550,2,0,1,1,1,0,2,0,2,1,2,0,3,0,3,1,1,0,2,3
551,1,0,1,1,1,1,2,1,2,0,2,0,3,0,3,1,2,0,3,5
552,2,1,1,0,1,1,2,1,2,1,2,0,3,0,3,1,3,0,4,7
553,3,1,1,1,1,1,2,1,2,1,2,0,3,0,3,2,3,0,5,8
554,2,1,1,0,1,1,2,1,2,1,2,0,3,0,3,1,3,0,4,7
555,2,1,1,1,1,1,2,1,2,0,2,0,3,0,3,2,2,0,4,6
556,2,1,1,1,1,1,2,1,2,0,2,0,3,0,3,2,2,0,4,6
557,2,1,1,1,1,0,2,1,2,1,2,0,3,0,3,2,2,0,4,6
558,3,1,1,1,1,1,2,1,2,1,2,1,3,0,3,2,3,1,6,11
559,3,1,1,1,1,1,2,0,2,1,2,1,3,0,3,2,2,1,5,9
560,3,1,1,1,1,0,2,0,2,1,2,1,3,0,3,2,1,1,4,7
561,3,1,1,1,1,1,2,1,2,1,2,0,3,1,3,2,3,1,6,11
562,1,0,1,0,1,0,2,0,2,0,2,0,3,0,3,0,0,0,0,0
563,3,1,1,1,1,1,2,0,2,1,2,1,3,0,3,2,2,1,5,9
564,2,0,1,1,1,0,2,1,2,1,2,0,3,0,3,1,2,0,3,5
565,1,1,1,0,1,0,2,0,2,0,2,0,3,0,3,1,0,0,1,1
566,2,1,1,1,1,1,2,1,2,0,2,0,3,0,3,2,2,0,4,6
567,3,1,1,1,1,1,2,1,2,0,2,0,3,0,3,2,2,0,4,6
568,1,1,1,1,1,0,2,0,2,0,2,0,3,0,3,2,0,0,2,2
569,2,1,1,1,1,0,2,1,2,0,2,1,3,0,3,2,1,1,4,7
570,3,1,1,1,1,0,2,1,2,1,2,1,3,0,3,2,2,1,5,9
571,1,1,1,0,1,0,2,0,2,1,2,0,3,0,3,1,1,0,2,3
572,1,0,1,1,1,0,2,0,2,0,2,0,3,0,3,1,0,0,1,1
573,3,1,1,1,1,1,2,1,2,1,2,0,3,1,3,2,3,1,6,11
574,1,0,1,1,1,0,2,0,2,0,2,0,3,0,3,1,0,0,1,1
575,3,1,1,1,1,1,2,1,2,1,2,1,3,0,3,2,3,1,6,11
576,1,0,1,1,1,1,2,0,2,0,2,0,3,0,3,1,1,0,2,3
577,2,1,1,1,1,0,2,0,2,1,2,0,3,0,3,2,1,0,3,4
578,2,1,1,0,1,1,2,1,2,0,2,0,3,0,3,1,2,0,3,5
579,3,1,1,1,1,1,2,0,2,1,2,0,3,1,3,2,2,1,5,9
580,2,1,1,1,1,0,2,0,2,1,2,0,3,0,3,2,1,0,3,4
581,1,1,1,1,1,0,2,1,2,0,2,0,3,0,3,2,1,0,3,4
582,3,1,1,1,1,1,2,1,2,1,2,0,3,1,3,2,3,1,6,11
583,3,1,1,1,1,1,2,1,2,1,2,0,3,1,3,2,3,1,6,11
584,2,1,1,1,1,1,2,1,2,1,2,0,3,0,3,2,3,0,5,8
585,1,1,1,0,1,0,2,0,2,0,2,0,3,0,3,1,0,0,1,1
586,2,1,1,1,1,1,2,0,2,1,2,0,3,0,3,2,2,0,4,6
587,3,1,1,1,1,0,2,1,2,1,2,0,3,0,3,2,2,0,4,6
588,1,1,1,1,1,0,2,0,2,0,2,0,3,0,3,2,0,0,2,2
589,3,1,1,1,1,1,2,1,2,0,2,0,3,1,3,2,2,1,5,9
590,1,0,1,0,1,0,2,0,2,0,2,0,3,0,3,0,0,0,0,0
591,2,1,1,1,1,1,2,0,2,0,2,0,3,0,3,2,1,0,3,4
592,2,1,1,0,1,0,2,1,2,1,2,0,3,0,3,1,2,0,3,5
593,2,1,1,1,1,0,2,0,2,1,2,0,3,0,3,2,1,0,3,4
594,3,1,1,1,1,1,2,1,2,1,2,0,3,0,3,2,3,0,5,8
595,2,1,1,1,1,0,2,1,2,0,2,0,3,0,3,2,1,0,3,4
596,1,0,1,0,1,1,2,0,2,0,2,0,3,0,3,0,1,0,1,2
597,2,1,1,1,1,1,2,1,2,0,2,0,3,0,3,2,2,0,4,6
598,3,1,1,1,1,1,2,0,2,1,2,1,3,1,3,2,2,2,6,12
599,2,1,1,1,1,1,2,1,2,1,2,0,3,1,3,2,3,1,6,11
